{"cameraMode":{"drawMode":0,"name":"Shaded","section":"Shading Mode"},"sceneLighting":false,"audioPlay":false,"sceneViewState":{"showFog":true,"showMaterialUpdate":false,"showSkybox":true,"showFlares":true,"showImageEffects":true,"showParticleSystems":true},"in2DMode":false,"pivot":{"x":2.921360969543457,"y":0.6500000357627869,"z":4.497499942779541},"rotation":{"x":-0.04774966463446617,"y":-0.47512203454971316,"z":0.025831861421465875,"w":-0.878243625164032},"size":16.660934448242189,"orthographic":false}