{"cameraMode":{"drawMode":0,"name":"Shaded","section":"Shading Mode"},"sceneLighting":false,"audioPlay":false,"sceneViewState":{"showFog":true,"showMaterialUpdate":false,"showSkybox":true,"showFlares":true,"showImageEffects":true,"showParticleSystems":true},"in2DMode":false,"pivot":{"x":5.667209625244141,"y":-1.857893943786621,"z":5.598747730255127},"rotation":{"x":-0.16376446187496186,"y":-0.3241618871688843,"z":0.0570838488638401,"w":-0.9299687147140503},"size":16.660934448242189,"orthographic":false}