{"cameraMode":{"drawMode":0,"name":"Shaded","section":"Shading Mode"},"sceneLighting":false,"audioPlay":false,"sceneViewState":{"showFog":true,"showMaterialUpdate":false,"showSkybox":true,"showFlares":true,"showImageEffects":true,"showParticleSystems":true},"in2DMode":false,"pivot":{"x":5.667209625244141,"y":-1.857893943786621,"z":5.598747730255127},"rotation":{"x":0.3012101650238037,"y":-0.015732841566205026,"z":0.0049709356389939789,"w":0.953415036201477},"size":16.660934448242189,"orthographic":false}