{"cameraMode":{"drawMode":0,"name":"Shaded","section":"Shading Mode"},"sceneLighting":false,"audioPlay":false,"sceneViewState":{"showFog":true,"showMaterialUpdate":false,"showSkybox":true,"showFlares":true,"showImageEffects":true,"showParticleSystems":true},"in2DMode":false,"pivot":{"x":2.6645188331604006,"y":1.968586802482605,"z":3.738243818283081},"rotation":{"x":-0.04774966463446617,"y":-0.47512203454971316,"z":0.025831861421465875,"w":-0.878243625164032},"size":13.822332382202149,"orthographic":false}